{"cameraMode":{"drawMode":0,"name":"Shaded","section":"Shading Mode"},"sceneLighting":false,"audioPlay":false,"sceneViewState":{"showFog":true,"showMaterialUpdate":false,"showSkybox":true,"showFlares":true,"showImageEffects":true,"showParticleSystems":true},"in2DMode":false,"pivot":{"x":394.3699951171875,"y":201.48001098632813,"z":0.0},"rotation":{"x":0.007493943907320499,"y":0.04048805311322212,"z":-0.00030382777913473547,"w":0.9991546273231506},"size":545.8909912109375,"orthographic":true}