{"cameraMode":{"drawMode":0,"name":"Shaded","section":"Shading Mode"},"sceneLighting":true,"audioPlay":false,"sceneViewState":{"showFog":true,"showMaterialUpdate":false,"showSkybox":true,"showFlares":true,"showImageEffects":true,"showParticleSystems":true},"in2DMode":false,"pivot":{"x":-0.5706601142883301,"y":-1.4726399183273316,"z":-0.11561298370361328},"rotation":{"x":-0.002335267374292016,"y":0.709027886390686,"z":-0.0023459135554730894,"w":-0.7052117586135864},"size":4.9514007568359379,"orthographic":false}