{"cameraMode":{"drawMode":0,"name":"Shaded","section":"Shading Mode"},"sceneLighting":true,"audioPlay":false,"sceneViewState":{"showFog":true,"showMaterialUpdate":false,"showSkybox":true,"showFlares":true,"showImageEffects":true,"showParticleSystems":true},"in2DMode":false,"pivot":{"x":324.5,"y":135.32749938964845,"z":-0.36000001430511477},"rotation":{"x":-0.00749524962157011,"y":0.035992447286844257,"z":0.00027133815456181765,"w":0.9993417859077454},"size":485.25982666015627,"orthographic":true}